<?xml version="1.0" encoding="UTF-8"?>
<project xmlns:xsi="http://www.w3.org/2001/XMLSchema-instance" uuid="09a90577-1a98-41ce-85f2-5bcee1312326" xsi:noNamespaceSchemaLocation="http://www.jetbrains.com/teamcity/schemas/2017.2/project-config.xsd">
  <name>AgroExchange</name>
  <parameters />
  <cleanup>
    <policy type="daysAndBuilds" cleanup-level="EVERYTHING">
      <parameters>
        <param name="keepBuilds.count" value="30" />
        <param name="keepDays.count" value="7" />
      </parameters>
    </policy>
  </cleanup>
</project>

