<?xml version="1.0" encoding="UTF-8"?>
<build-type xmlns:xsi="http://www.w3.org/2001/XMLSchema-instance" uuid="1a45598c-6a6e-4ab9-b666-1ae9ef719806" xsi:noNamespaceSchemaLocation="http://www.jetbrains.com/teamcity/schemas/2017.2/project-config.xsd">
  <name>1.1 Test Service Build</name>
  <description />
  <settings>
    <options>
      <option name="artifactRules" value="src =&gt; src&#xA;src\WinService.Base =&gt; src\WinService.Base" />
      <option name="buildNumberPattern" value="'%build.counter%" />
    </options>
    <parameters>
      <param name="dstpath" value="D:\testservice\" />
    </parameters>
    <build-runners order="RUNNER_20, RUNNER_18, RUNNER_19">
      <runner id="RUNNER_20" name="Stop Process" type="jetbrains_powershell">
        <parameters>
          <param name="jetbrains_powershell_execution" value="PS1" />
          <param name="jetbrains_powershell_noprofile" value="true" />
          <param name="jetbrains_powershell_script_code"><![CDATA[$pw = convertto-securestring -AsPlainText -Force -String "Certific@te0217"

$credentials = new-object -typename System.Management.Automation.PSCredential -argumentlist "",$pw

$s = New-PSSession -ComputerName sharov 

Invoke-Command -Session $s -Command {Stop-Process -Name "WinService.Base"}]]></param>
          <param name="jetbrains_powershell_script_mode" value="CODE" />
          <param name="teamcity.step.mode" value="default" />
        </parameters>
      </runner>
      <runner id="RUNNER_18" name="Ms_Build" type="VS.Solution">
        <parameters>
          <param name="build-file-path" value="src/WinService.Extension.sln" />
          <param name="msbuild_version" value="15.0" />
          <param name="run-platform" value="x86" />
          <param name="targets" value="Rebuild" />
          <param name="teamcity.step.mode" value="default" />
          <param name="toolsVersion" value="15.0" />
          <param name="vs.version" value="vs2017" />
        </parameters>
      </runner>
      <runner id="RUNNER_19" name="Deploy" type="jetbrains_powershell">
        <parameters>
          <param name="jetbrains_powershell_bitness" value="x86" />
          <param name="jetbrains_powershell_execution" value="PS1" />
          <param name="jetbrains_powershell_noprofile" value="true" />
          <param name="jetbrains_powershell_scriptArguments" value="%system.teamcity.build.checkoutDir% %dstpath%" />
          <param name="jetbrains_powershell_script_file" value="deploy.ps1" />
          <param name="jetbrains_powershell_script_mode" value="FILE" />
          <param name="teamcity.step.mode" value="default" />
        </parameters>
      </runner>
    </build-runners>
    <vcs-settings>
      <vcs-entry-ref root-id="TestService_HttpsGithubComEmerbritoWindowsServicePlusRefsHeadsMaster" />
    </vcs-settings>
    <requirements />
    <build-triggers />
    <cleanup />
  </settings>
</build-type>

