<?xml version="1.0" encoding="UTF-8"?>
<build-type xmlns:xsi="http://www.w3.org/2001/XMLSchema-instance" uuid="3d5bb6da-383c-4059-90d6-881ff6d5c8de" xsi:noNamespaceSchemaLocation="http://www.jetbrains.com/teamcity/schemas/2017.2/project-config.xsd">
  <name>MS_build</name>
  <description />
  <settings>
    <parameters />
    <build-runners>
      <runner id="RUNNER_17" name="" type="VS.Solution">
        <parameters>
          <param name="build-file-path" value="src/WinService.Extension.sln" />
          <param name="msbuild_version" value="12.0" />
          <param name="run-platform" value="x86" />
          <param name="targets" value="Rebuild" />
          <param name="teamcity.step.mode" value="default" />
          <param name="toolsVersion" value="12.0" />
          <param name="vs.version" value="vs2013" />
        </parameters>
      </runner>
    </build-runners>
    <vcs-settings>
      <vcs-entry-ref root-id="Ms_WindowsServicePlusGit" />
    </vcs-settings>
    <requirements />
    <build-triggers>
      <build-trigger id="TRIGGER_1" type="schedulingTrigger">
        <parameters />
      </build-trigger>
    </build-triggers>
    <cleanup />
  </settings>
</build-type>

