<?xml version="1.0" encoding="UTF-8"?>
<template xmlns:xsi="http://www.w3.org/2001/XMLSchema-instance" uuid="789de3c5-9202-480c-ac96-73da041d4442" xsi:noNamespaceSchemaLocation="http://www.jetbrains.com/teamcity/schemas/2017.2/project-config.xsd">
  <name>Bind Build</name>
  <settings>
    <options>
      <option name="artifactRules" value="+:**/* =&gt; target_directory" />
    </options>
    <parameters />
    <build-runners>
      <runner id="RUNNER_1" name="tag and push" type="simpleRunner">
        <parameters>
          <param name="script.content"><![CDATA[#!/bin/bash
VERSION="1.0.0.${BUILD_NUMBER:-99}"
IMAGE=[your-username]/node-sample
ID=$(docker build  -t ${IMAGE}  .  | tail -1 | sed 's/.*Successfully built \(.*\)$/\1/')

docker tag ${ID} ${IMAGE}:${VERSION}
docker tag ${ID} ${IMAGE}:latest

docker login -u fulwin2@gmail.com -p fulwin2@gmail.com -e fulwin2@gmail.com]]></param>
          <param name="teamcity.step.mode" value="default" />
          <param name="use.custom.script" value="true" />
        </parameters>
      </runner>
    </build-runners>
    <vcs-settings>
      <vcs-entry-ref root-id="HttpsGithubComCosmicQDockerBindRefsHeadsMaster" />
    </vcs-settings>
    <requirements />
    <build-triggers>
      <build-trigger id="vcsTrigger" type="vcsTrigger">
        <parameters>
          <param name="enableQueueOptimization" value="true" />
          <param name="quietPeriodMode" value="DO_NOT_USE" />
        </parameters>
      </build-trigger>
    </build-triggers>
    <cleanup />
  </settings>
</template>

