<?xml version="1.0" encoding="UTF-8"?>
<project xmlns:xsi="http://www.w3.org/2001/XMLSchema-instance" uuid="442053d6-6273-4a8e-9629-2a3c62eb4979" xsi:noNamespaceSchemaLocation="http://www.jetbrains.com/teamcity/schemas/2017.2/project-config.xsd">
  <name>Test Service</name>
  <parameters>
    <param name="MachineName" value="sharov" />
    <param name="ServiceName" value="WinServicePlus" />
  </parameters>
  <project-extensions>
    <extension id="PROJECT_EXT_4" type="versionedSettings">
      <parameters>
        <param name="buildSettings" value="ALWAYS_USE_CURRENT" />
        <param name="credentialsStorageType" value="credentialsJSON" />
        <param name="enabled" value="true" />
        <param name="rootId" value="TestService_HttpsGithubComEmerbritoWindowsServicePlusRefsHeadsMaster" />
        <param name="showChanges" value="false" />
      </parameters>
    </extension>
  </project-extensions>
  <cleanup />
</project>

