<?xml version="1.0" encoding="UTF-8"?>
<project xmlns:xsi="http://www.w3.org/2001/XMLSchema-instance" uuid="66f2aad5-7b18-44d6-8652-dcc386b39e5d" xsi:noNamespaceSchemaLocation="http://www.jetbrains.com/teamcity/schemas/2017.2/project-config.xsd">
  <name>WebApp</name>
  <parameters>
    <param name="Dip" value="10.1.227.144" />
  </parameters>
  <cleanup>
    <policy type="daysAndBuilds" cleanup-level="EVERYTHING">
      <parameters>
        <param name="keepBuilds.count" value="10" />
        <param name="keepDays.count" value="7" />
      </parameters>
    </policy>
    <options>
      <option name="preventDependenciesArtifactsFromCleanup" value="false" />
    </options>
  </cleanup>
</project>

