<?xml version="1.0" encoding="UTF-8"?>
<template xmlns:xsi="http://www.w3.org/2001/XMLSchema-instance" uuid="b97fd248-e5c0-4464-aa3f-e385c8afb2b5" xsi:noNamespaceSchemaLocation="http://www.jetbrains.com/teamcity/schemas/2017.2/project-config.xsd">
  <name>Service1Template</name>
  <settings>
    <options>
      <option name="artifactRules" value="**/* =&gt; WS2" />
    </options>
    <parameters />
    <build-runners />
    <vcs-settings />
    <requirements />
    <build-triggers />
    <cleanup />
  </settings>
</template>

