<?xml version="1.0" encoding="UTF-8"?>
<build-type xmlns:xsi="http://www.w3.org/2001/XMLSchema-instance" uuid="751fea8f-e6c2-4310-b3a7-08d3ff25d82b" xsi:noNamespaceSchemaLocation="http://www.jetbrains.com/teamcity/schemas/2017.2/project-config.xsd">
  <name>Build</name>
  <description />
  <settings>
    <options>
      <option name="artifactRules" value="**/* =&gt; AgroEchange2" />
    </options>
    <disabled-settings>
      <setting-ref ref="RUNNER_10" />
    </disabled-settings>
    <parameters />
    <build-runners order="RUNNER_10, RUNNER_9">
      <runner id="RUNNER_10" name="" type="jb.nuget.installer">
        <parameters>
          <param name="nuget.path" value="%teamcity.tool.NuGet.CommandLine.DEFAULT%" />
          <param name="nuget.updatePackages.mode" value="sln" />
          <param name="nuget.use.restore" value="restore" />
          <param name="sln.path" value="AgroExchange.sln" />
          <param name="teamcity.step.mode" value="default" />
        </parameters>
      </runner>
      <runner id="RUNNER_9" name="" type="VS.Solution">
        <parameters>
          <param name="build-file-path" value="AgroExchange.sln" />
          <param name="msbuild_version" value="15.0" />
          <param name="run-platform" value="x86" />
          <param name="targets" value="Rebuild" />
          <param name="teamcity.step.mode" value="default" />
          <param name="toolsVersion" value="15.0" />
          <param name="vs.version" value="vs2017" />
        </parameters>
      </runner>
    </build-runners>
    <vcs-settings>
      <vcs-entry-ref root-id="Tfs" />
    </vcs-settings>
    <requirements />
    <build-triggers />
    <build-extensions>
      <extension id="JetBrains.AssemblyInfo" type="JetBrains.AssemblyInfo">
        <parameters>
          <param name="assembly-format" value="%system.build.number%" />
          <param name="file-format" value="1.0.0.%system.build.number%" />
        </parameters>
      </extension>
    </build-extensions>
    <cleanup />
  </settings>
</build-type>

