<root>
  <page path="/admin/admin.html">
    <usage userId="1" timestamp="1529071199023" />
  </page>
  <page path="/admin/attachBuildTypeVcsRoots.html">
    <usage userId="1" timestamp="1528888492212" />
  </page>
  <page path="/admin/createBuildType.html">
    <usage userId="1" timestamp="1528888471479" />
  </page>
  <page path="/admin/createObjectMenu.html">
    <usage userId="1" timestamp="1528888470914" />
  </page>
  <page path="/admin/createProject.html">
    <usage userId="1" timestamp="1528888172764" />
  </page>
  <page path="/admin/createTemplate.html">
    <usage userId="1" timestamp="1528888394791" />
  </page>
  <page path="/admin/discoverRunners.html">
    <usage userId="1" timestamp="1528888502762" />
  </page>
  <page path="/admin/editBuild.html">
    <usage userId="1" timestamp="1528894356729" />
  </page>
  <page path="/admin/editBuildParams.html">
    <usage userId="1" timestamp="1528891264030" />
  </page>
  <page path="/admin/editBuildRunners.html">
    <usage userId="1" timestamp="1528965280186" />
  </page>
  <page path="/admin/editProject.html">
    <usage userId="1" timestamp="1528894537202" />
  </page>
  <page path="/admin/editProject.html?tab=BuildsSchedule">
    <usage userId="1" timestamp="1528805565023" />
  </page>
  <page path="/admin/editProject.html?tab=projectGeneralTab">
    <usage userId="1" timestamp="1528888230017" />
  </page>
  <page path="/admin/editProject.html?tab=projectVcsRoots">
    <usage userId="1" timestamp="1528888218587" />
  </page>
  <page path="/admin/editRunType.html">
    <usage userId="1" timestamp="1528965277981" />
  </page>
  <page path="/admin/editVcsRoot.html">
    <usage userId="1" timestamp="1528888200111" />
  </page>
  <page path="/admin/tools/install.html">
    <usage userId="1" timestamp="1528804148479" />
  </page>
  <page path="/artifactsLink.html">
    <usage userId="1" timestamp="1529071019009" />
  </page>
  <page path="/buildTypePopup.html">
    <usage userId="1" timestamp="1528891784865" />
  </page>
  <page path="/changes.html">
    <usage userId="1" timestamp="1528891350071" />
  </page>
  <page path="/changesLink.html">
    <usage userId="1" timestamp="1529071019041" />
  </page>
  <page path="/changesPopup.html">
    <usage userId="1" timestamp="1528806111476" />
  </page>
  <page path="/favoriteIcon.html">
    <usage userId="1" timestamp="1529071018993" />
  </page>
  <page path="/limitedPendingChangesLink.html">
    <usage userId="1" timestamp="1529071018961" />
  </page>
  <page path="/overview.html">
    <usage userId="1" timestamp="1529071017823" />
  </page>
  <page path="/project.html">
    <usage userId="1" timestamp="1528893243019" />
  </page>
  <page path="/project.html?tab=projectOverview">
    <usage userId="1" timestamp="1528888538706" />
  </page>
  <page path="/runCustomBuild.html">
    <usage userId="1" timestamp="1528890459332" />
  </page>
  <page path="/showJsp.html">
    <usage userId="1" timestamp="1528888370539" />
  </page>
  <page path="/tagsLink.html">
    <usage userId="1" timestamp="1528891789877" />
  </page>
  <page path="/viewLog.html">
    <usage userId="1" timestamp="1528895012206" />
  </page>
  <page path="/viewLog.html?tab=buildChangesDiv">
    <usage userId="1" timestamp="1528891537894" />
  </page>
  <page path="/viewLog.html?tab=buildLog">
    <usage userId="1" timestamp="1528965280012" />
  </page>
  <page path="/viewLog.html?tab=buildResultsDiv">
    <usage userId="1" timestamp="1528958778833" />
  </page>
  <page path="/viewType.html">
    <usage userId="1" timestamp="1528894748154" />
  </page>
</root>