<?xml version="1.0" encoding="UTF-8"?>
<build-type xmlns:xsi="http://www.w3.org/2001/XMLSchema-instance" uuid="49434d63-9356-42fd-a24a-e9bb9398a28f" xsi:noNamespaceSchemaLocation="http://www.jetbrains.com/teamcity/schemas/2017.2/project-config.xsd">
  <name>Deploy_Web_App</name>
  <description />
  <settings>
    <options>
      <option name="allowPersonalBuildTriggering" value="false" />
      <option name="buildConfigurationType" value="DEPLOYMENT" />
      <option name="maximumNumberOfBuilds" value="1" />
    </options>
    <parameters>
      <param name="Password" value="zxx8fbd494ddc1f4daa775d03cbe80d301b" spec="password display='hidden'" />
      <param name="Site_name" value="Web" />
      <param name="Username" value="Administrator" />
      <param name="msdeploy_path" value="&quot;C:\Program Files\IIS\Microsoft Web Deploy V3\msdeploy.exe&quot;" />
      <param name="webapp-zip-path" value="%system.teamcity.build.checkoutDir%\WebApp2Artifact\WebApp2\WebApp.zip" />
    </parameters>
    <build-runners>
      <runner id="RUNNER_29" name="Deploy WebApp2" type="jetbrains_powershell">
        <parameters>
          <param name="jetbrains_powershell_execution" value="PS1" />
          <param name="jetbrains_powershell_noprofile" value="true" />
          <param name="jetbrains_powershell_scriptArguments" value="%msdeploy_path% %webapp-zip-path% %Dip% %Site_name% %Username% %Password%" />
          <param name="jetbrains_powershell_script_code"><![CDATA[param(
  [string]$MSDeployPath,	
  [string]$ZipPath,
  [string]$Dip, 
  [string]$Site_name, 
  [string]$Username, 
  [string]$Password
 
)

Write-Host "----------------------"$Dir -ForegroundColor Yellow
Write-Host "-------Dip------------"$Dip -ForegroundColor Yellow
$Str = ("-dest:auto,computerName=https://" + $Dip + ":8172/MsDeploy.axd?site=" + $Site_name +",userName=" + $Username + ",password=" + $Password + ",authType=basic")
Write-Host "-------Str------------"$Str -ForegroundColor Yellow
Try
{ 
 Start-Process -FilePath "$MSDeployPath" -NoNewWindow -Wait -ArgumentList "-source:package='$ZipPath'", "$Str","-verb:sync","-allowUntrusted=true","-setParam:`"IIS Web Application Name`"=`"WEB\myapp`""
} 
catch
{
  Write-Host "Error!!!"
  Write-Host $error[0].Exception
  exit 1
}]]></param>
          <param name="jetbrains_powershell_script_mode" value="CODE" />
          <param name="teamcity.step.mode" value="default" />
        </parameters>
      </runner>
    </build-runners>
    <vcs-settings />
    <requirements />
    <build-triggers>
      <build-trigger id="TRIGGER_2" type="buildDependencyTrigger">
        <parameters>
          <param name="afterSuccessfulBuildOnly" value="true" />
          <param name="branchFilter" value="+:&lt;default&gt;" />
          <param name="dependsOn" value="WebApp_BuildWebApp" />
        </parameters>
      </build-trigger>
    </build-triggers>
    <artifact-dependencies>
      <dependency id="ARTIFACT_DEPENDENCY_2" sourceBuildTypeId="WebApp_BuildWebApp" cleanDestination="false">
        <revisionRule name="lastSuccessful" revision="latest.lastSuccessful" />
        <artifact sourcePath="**/*.zip =&gt; WebApp2Artifact" />
      </dependency>
    </artifact-dependencies>
    <cleanup />
  </settings>
</build-type>

