<?xml version="1.0" encoding="UTF-8"?>
<build-type xmlns:xsi="http://www.w3.org/2001/XMLSchema-instance" uuid="fb4b6de4-3e7a-4830-9bce-2ce7414c6296" xsi:noNamespaceSchemaLocation="http://www.jetbrains.com/teamcity/schemas/2017.2/project-config.xsd">
  <name>Deploy</name>
  <description />
  <settings>
    <options>
      <option name="buildConfigurationType" value="DEPLOYMENT" />
      <option name="maximumNumberOfBuilds" value="1" />
    </options>
    <parameters>
      <param name="dstpath" value="C:\ws2" />
    </parameters>
    <build-runners>
      <runner id="RUNNER_26" name="Copy_To_Server" type="jetbrains_powershell">
        <parameters>
          <param name="jetbrains_powershell_execution" value="PS1" />
          <param name="jetbrains_powershell_noprofile" value="true" />
          <param name="jetbrains_powershell_scriptArguments" value="%system.teamcity.build.checkoutDir% %dstpath% %dep.Ws2_Build.dstpath%" />
          <param name="jetbrains_powershell_script_code"><![CDATA[param(
	
  [string]$Spath,
  [string]$Dpath,
  [string]$Artifactpath
)

$Command = "\service\WS2\WindowsService2\bin\Debug\WindowsService2.exe"
$Exec = "C:\ws2\service1\WindowsService2.exe"
$Runservice = "$Spath" + "$Command"
$Dpath = "$Dpath" +"\*.*"
$Dip = "10.1.227.145"
$Service = "Service1"

$GS =
{
$nm = $args[0]
Get-Service -name $nm
}

$SS =
{
$nm = $args[0]
Stop-Service -name $nm
}

$SC = 
{
$Dip = $args[0]
$Service = $args[1]
$Exec = $args[2]

sc.exe \\$Dip create $Service  binPath= $Exec  DisplayName= $Service depend= tcpip start= auto
}

Write-Host "------Sourcepath exec "$Runservice 
Write-Host "------Dpath "$Dpath 
Write-Host "------Artifacts From: "$Artifactpath

$pw = convertto-securestring -AsPlainText -Force -String "Kuber100"

$credentials = new-object System.Management.Automation.PSCredential("Administrator",$pw)

Try
{ 
 Write-Host "------Add host to trusted-hosts..." 
 winrm s winrm/config/client '@{TrustedHosts="10.1.227.145"}' 
 Write-Host "------Connecting to session..." 
 $s = New-PSSession -ComputerName $Dip -Credential $credentials -ErrorAction Stop
}
catch
{
  Write-Host "Error!!!"
  Write-Host $error[0].Exception
  exit 1
}
#$Service1exist = Invoke-Command -Session $s -Command {Get-Service "Service1" -ErrorAction 'SilentlyContinue'}
$Service1exist = Invoke-Command -Session $s -ScriptBlock $GS -ArgumentList $Service
 
if ($Service1exist){

Write-Host "------Service1 Exists..."

Try
{ 
 Write-Host "------Stoping Service..."
 Invoke-Command -Session $s -ScriptBlock $SS -ArgumentList $Service -ErrorAction SilentlyContinue
}
catch
{
  Write-Host "Error!!!"
  Write-Host $error[0].Exception
  exit 1
}
Try
{ 
 Write-Host "------Cleaning exec files..."
 Invoke-Command -Session $s -Command {Remove-Item $Using:Dpath -Force} -ErrorAction Stop
}
catch
{
  Write-Host "Error!!!"
  Write-Host $error[0].Exception
  exit 1
}
Try
{ 
 Write-Host "------Copyng exec files to Server..."
 Copy-Item -ToSession $s -Path $Runservice -Destination $Exec -Recurse -ErrorAction Stop
}
catch
{
  Write-Host "Error!!!"
  Write-Host $error[0].Exception
  exit 1
}

#& $Runservice 
Try
{ 
 Write-Host "------Starting Service with new executables..."
 Invoke-Command -Session $s -Command {Start-Service -Name $Using:Service} -ErrorAction Stop
}
catch
{
  Write-Host "Error!!!"
  Write-Host $error[0].Exception
  exit 1
}

} else {

Write-Host "---------------Service1 Doesnt Exists..."

Try
{

 Write-Host "---------------Cleaning exec files..."
 Invoke-Command -Session $s -Command {Remove-Item $Using:Exec -Force} -ErrorAction Stop
}
catch
{
  Write-Host "Error!!!"
  Write-Host $error[0].Exception
  exit 1
}
Try
{ 
 Write-Host "---------------Copyng exec files to Server..."
 Copy-Item -ToSession $s -Path $Runservice -Destination $Exec -Recurse -ErrorAction Stop
}
catch
{
  Write-Host "Error!!!"
  Write-Host $error[0].Exception
  exit 1
}
Try
{
  Write-Host "---------------Installing Service - "
 #Invoke-Command -Session $s -Command {sc.exe \\10.1.227.145 create Service1 binPath= "C:\ws2\service1\WindowsService2.exe"  DisplayName= "Service1" depend= tcpip start= auto}
 Invoke-Command -Session $s -ScriptBlock $SC -ArgumentList $Dip, $Service, $Exec
}
catch
{
  Write-Host "Error!!!"
  Write-Host $error[0].Exception
  exit 1
}

Try
{ 
 Write-Host "---------------Starting Service with new executables..."
 Invoke-Command -Session $s -Command {Start-Service -Name $Using:Service} -ErrorAction Stop
}
catch
{
  Write-Host "Error!!!"
  Write-Host $error[0].Exception
  exit 1
}

}
#Start-Process $Runservice -Verb Open]]></param>
          <param name="jetbrains_powershell_script_mode" value="CODE" />
          <param name="teamcity.step.mode" value="default" />
        </parameters>
      </runner>
    </build-runners>
    <vcs-settings />
    <requirements />
    <build-triggers>
      <build-trigger id="TRIGGER_3" type="buildDependencyTrigger">
        <parameters>
          <param name="branchFilter" value="+:&lt;default&gt;" />
          <param name="dependsOn" value="Ws2_Build" />
        </parameters>
      </build-trigger>
    </build-triggers>
    <artifact-dependencies>
      <dependency id="ARTIFACT_DEPENDENCY_1" sourceBuildTypeId="Ws2_Build" cleanDestination="true">
        <revisionRule name="lastSuccessful" revision="latest.lastSuccessful" />
        <artifact sourcePath="**/*.exe=&gt;service" />
      </dependency>
    </artifact-dependencies>
    <cleanup />
  </settings>
</build-type>

