<?xml version="1.0" encoding="UTF-8"?>
<build-type xmlns:xsi="http://www.w3.org/2001/XMLSchema-instance" uuid="4f14dc7d-a13e-4adb-b551-f55e8d6d9a11" xsi:noNamespaceSchemaLocation="http://www.jetbrains.com/teamcity/schemas/2017.2/project-config.xsd">
  <name>Deploy</name>
  <description />
  <settings>
    <parameters>
      <param name="Dip" value="10.1.227.145" />
      <param name="Dpath" value="C:\ws2\AgroExchange\" />
      <param name="Exec" value="C:\ws2\AgroExchange\svcGISExchange.exe" />
      <param name="Service" value="AgroExchange" />
      <param name="Spath" value="D:\AgroExchange\" />
    </parameters>
    <build-runners>
      <runner id="RUNNER_7" name="Copy_To_Server" type="jetbrains_powershell">
        <parameters>
          <param name="jetbrains_powershell_execution" value="PS1" />
          <param name="jetbrains_powershell_noprofile" value="true" />
          <param name="jetbrains_powershell_scriptArguments" value="%Dip% %Service% %Spath% %Dpath% %Exec%" />
          <param name="jetbrains_powershell_script_code"><![CDATA[param(
  [string]$Dip = "10.1.227.145",	
  [string]$Service = "AgroExchange",
  [string]$Spath = "D:\AgroExchange\",
  [string]$Dpath = "C:\ws2\AgroExchange\",
  [string]$Exec = "C:\ws2\AgroExchange\svcGISExchange.exe"

)
$DpathR = "$Dpath"+"*"
$GS =
{
$nm = $args[0]
Get-Service -name $nm
}

$SS =
{
$nm = $args[0]
Stop-Service -name $nm
}

$SC = 
{
$Dip = $args[0]
$Service = $args[1]
$Exec = $args[2]

sc.exe \\$Dip create $Service  binPath= $Exec  DisplayName= $Service depend= tcpip start= auto
}

Write-Host "------Sourcepath exec "$Exec 
Write-Host "------Dpath "$Dpath 
Write-Host "------DpathR "$DpathR 

$pw = convertto-securestring -AsPlainText -Force -String "Kuber100"

$credentials = new-object System.Management.Automation.PSCredential("Administrator",$pw)

Try
{ 
 Write-Host "------Add host to trusted-hosts..." 
 winrm s winrm/config/client '@{TrustedHosts="10.1.227.145"}' 
 Write-Host "------Connecting to session..." 
 $s = New-PSSession -ComputerName $Dip -Credential $credentials -ErrorAction Stop
}
catch
{
  Write-Host "Error!!!"
  Write-Host $error[0].Exception
  exit 1
}
#$Service1exist = Invoke-Command -Session $s -Command {Get-Service "Service1" -ErrorAction 'SilentlyContinue'}
$Service1exist = Invoke-Command -Session $s -ScriptBlock $GS -ArgumentList $Service
 
if ($Service1exist){

Write-Host "------"$Service "Exists..."

Try
{ 
 Write-Host "------Stoping Service..."
 Invoke-Command -Session $s -ScriptBlock $SS -ArgumentList $Service -ErrorAction SilentlyContinue
}
catch
{
  Write-Host "Error!!!"
  Write-Host $error[0].Exception
  exit 1
}
Try
{ 
 Write-Host "------Cleaning exec files..."
 Invoke-Command -Session $s -Command {Remove-Item $Using:Dpath -Recurse -Force -Confirm:$false} -ErrorAction SilentlyContinue 
}
catch
{
  Write-Host "Error Cleaning exec files."
  Write-Host $error[0].Exception
  exit 1
}
Try
{ 
 Write-Host "------Copyng exec files to Server..."
 Copy-Item -ToSession $s -Path $Spath -Destination $Dpath -Recurse -ErrorAction Stop
}
catch
{
  Write-Host "Error Copyng exec files to Server"
  Write-Host $error[0].Exception
  exit 1
}

#& $Runservice 
Try
{ 
 Write-Host "------Starting Service with new executables..."
 Invoke-Command -Session $s -Command {Start-Service -Name $Using:Service} -ErrorAction Stop
}
catch
{
  Write-Host "Error!!!"
  Write-Host $error[0].Exception
  exit 1
}

} else {

Write-Host "---------------"$Service "Doesn't Exists..."

Try
{

 Write-Host "---------------Cleaning exec files..."
 Invoke-Command -Session $s -Command {Remove-Item $Using:Dpath -Force} -ErrorAction Stop
}
catch
{
  Write-Host "Error!!!"
  Write-Host $error[0].Exception
  exit 1
}
Try
{ 
 Write-Host "---------------Copyng exec files to Server..."
 Copy-Item -ToSession $s -Path $Spath -Destination $Dpath -Recurse -ErrorAction Stop
}
catch
{
  Write-Host "Error!!!"
  Write-Host $error[0].Exception
  exit 1
}
Try
{
  Write-Host "---------------Installing Service - "
 #Invoke-Command -Session $s -Command {sc.exe \\10.1.227.145 create Service1 binPath= "C:\ws2\service1\WindowsService2.exe"  DisplayName= "Service1" depend= tcpip start= auto}
 Invoke-Command -Session $s -ScriptBlock $SC -ArgumentList $Dip, $Service, $Exec
}
catch
{
  Write-Host "Error!!!"
  Write-Host $error[0].Exception
  exit 1
}

Try
{ 
 Write-Host "---------------Starting Service with new executables..."
 Invoke-Command -Session $s -Command {Start-Service -Name $Using:Service} -ErrorAction Stop
}
catch
{
  Write-Host "Error!!!"
  Write-Host $error[0].Exception
  exit 1
}

}
#Start-Process $Runservice -Verb Open]]></param>
          <param name="jetbrains_powershell_script_mode" value="CODE" />
          <param name="teamcity.step.mode" value="default" />
        </parameters>
      </runner>
    </build-runners>
    <vcs-settings>
      <vcs-entry-ref root-id="AgroExchange_HttpsGithubComLamanshAgroExchangeGit" />
    </vcs-settings>
    <requirements />
    <build-triggers />
    <cleanup>
      <policy type="daysAndBuilds" cleanup-level="EVERYTHING">
        <parameters>
          <param name="keepBuilds.count" value="30" />
          <param name="keepDays.count" value="7" />
        </parameters>
      </policy>
    </cleanup>
  </settings>
</build-type>

