<?xml version="1.0" encoding="UTF-8"?>
<build-type xmlns:xsi="http://www.w3.org/2001/XMLSchema-instance" uuid="49434d63-9356-42fd-a24a-e9bb9398a28f" xsi:noNamespaceSchemaLocation="http://www.jetbrains.com/teamcity/schemas/2017.2/project-config.xsd">
  <name>Deploy_Web_App</name>
  <description />
  <settings>
    <options>
      <option name="allowPersonalBuildTriggering" value="false" />
      <option name="buildConfigurationType" value="DEPLOYMENT" />
      <option name="maximumNumberOfBuilds" value="1" />
    </options>
    <parameters>
      <param name="msdeploy_path" value="&quot;C:\Program Files\IIS\Microsoft Web Deploy V3\msdeploy.exe&quot;" />
      <param name="webapp-zip-path" value="%system.teamcity.build.checkoutDir%\WebApp2Artifact\WebApp2\WebApp.zip" />
    </parameters>
    <build-runners>
      <runner id="RUNNER_29" name="Deploy WebApp2" type="jetbrains_powershell">
        <parameters>
          <param name="jetbrains_powershell_execution" value="PS1" />
          <param name="jetbrains_powershell_noprofile" value="true" />
          <param name="jetbrains_powershell_scriptArguments" value="%msdeploy_path% %webapp-zip-path%" />
          <param name="jetbrains_powershell_script_code"><![CDATA[param(
  [string]$MSDeployPath,	
  [string]$ZipPath
 
)

Write-Host "----------------------"$Dir
Write-Host "----------------------"$Dir1
Try
{ 
 Start-Process -FilePath "$MSDeployPath" -NoNewWindow -Wait -ArgumentList "-source:package='$ZipPath'", "-dest:auto,computerName=https://10.1.227.145:8172/MsDeploy.axd?site=WEB,userName=Administrator,password=Kuber100,authType=basic","-verb:sync","-allowUntrusted=true","-setParam:`"IIS Web Application Name`"=`"WEB\myapp`""
} 
catch
{
  Write-Host "Error!!!"
  Write-Host $error[0].Exception
  exit 1
}]]></param>
          <param name="jetbrains_powershell_script_mode" value="CODE" />
          <param name="teamcity.step.mode" value="default" />
        </parameters>
      </runner>
    </build-runners>
    <vcs-settings />
    <requirements />
    <build-triggers />
    <artifact-dependencies>
      <dependency id="ARTIFACT_DEPENDENCY_2" sourceBuildTypeId="WebApp_BuildWebApp" cleanDestination="false">
        <revisionRule name="lastSuccessful" revision="latest.lastSuccessful" />
        <artifact sourcePath="**/*.zip =&gt; WebApp2Artifact" />
      </dependency>
    </artifact-dependencies>
    <cleanup />
  </settings>
</build-type>

