<?xml version="1.0" encoding="UTF-8"?>
<build-type xmlns:xsi="http://www.w3.org/2001/XMLSchema-instance" uuid="2e575790-32c2-42a4-b54a-2ef51eaceb01" xsi:noNamespaceSchemaLocation="http://www.jetbrains.com/teamcity/schemas/2017.2/project-config.xsd">
  <name>Build</name>
  <description />
  <settings>
    <options>
      <option name="cleanBuild" value="true" />
    </options>
    <parameters>
      <param name="dstpath" value="D:\ws2\service1" />
    </parameters>
    <build-runners>
      <runner id="RUNNER_23" name="" type="VS.Solution">
        <parameters>
          <param name="build-file-path" value="WindowsService2.sln" />
          <param name="msbuild_version" value="15.0" />
          <param name="run-platform" value="x86" />
          <param name="targets" value="Rebuild" />
          <param name="teamcity.step.mode" value="default" />
          <param name="toolsVersion" value="15.0" />
          <param name="vs.version" value="vs2017" />
        </parameters>
      </runner>
      <runner id="RUNNER_25" name="Copy_To_Server" type="jetbrains_powershell">
        <parameters>
          <param name="jetbrains_powershell_execution" value="PS1" />
          <param name="jetbrains_powershell_noprofile" value="true" />
          <param name="jetbrains_powershell_scriptArguments" value="%system.teamcity.build.checkoutDir% %dstpath%" />
          <param name="jetbrains_powershell_script_code"><![CDATA[param(
	
  [string]$Spath,
  [string]$Dpath

)

$Command = "\WindowsService2\bin\Debug\WindowsService2.exe"
$Exec = "D:\ws2\service1\WindowsService2.exe"
$Runservice = "$Spath" + "$Command"
$Dpath = "$Dpath" +"\*.*"
Write-Host "Sourcepath exec "$Runservice 
Write-Host "Dpath "$Dpath 



#$pw = convertto-securestring -AsPlainText -Force -String ""

#$credentials = new-object -typename System.Management.Automation.PSCredential -argumentlist "",$pw

Try
{ 
 Write-Host "Connecting to session..." 
 $s = New-PSSession -ComputerName sharov -ErrorAction Stop
}
catch
{
  Write-Host "Error!!!"
  Write-Host $error[0].Exception
  exit 1
}

Try
{ 
 Write-Host "Stoping Service..."
 Invoke-Command -Session $s -Command {Stop-Service -Name "Service1"} -ErrorAction Stop
}
catch
{
  Write-Host "Error!!!"
  Write-Host $error[0].Exception
  exit 1
}
Try
{ 
 Write-Host "Cleaning exec files..."
 Invoke-Command -Session $s -Command {Remove-Item $Using:Dpath -Force} -ErrorAction Stop
}
catch
{
  Write-Host "Error!!!"
  Write-Host $error[0].Exception
  exit 1
}
Try
{ 
 Write-Host "Copyng exec files to Server..."
 Copy-Item -ToSession $s -Path $Runservice -Destination $Exec -Recurse -ErrorAction Stop
}
catch
{
  Write-Host "Error!!!"
  Write-Host $error[0].Exception
  exit 1
}

#& $Runservice 
Try
{ 
 Write-Host "Starting Service with new executables..."
 Invoke-Command -Session $s -Command {Start-Service -Name "Service1"} -ErrorAction Stop
}
catch
{
  Write-Host "Error!!!"
  Write-Host $error[0].Exception
  exit 1
}
#Start-Process $Runservice -Verb Open]]></param>
          <param name="jetbrains_powershell_script_mode" value="CODE" />
          <param name="teamcity.step.mode" value="default" />
        </parameters>
      </runner>
    </build-runners>
    <vcs-settings>
      <vcs-entry-ref root-id="Ws2_HttpsGithubComLamanshWindowsService2git" />
    </vcs-settings>
    <requirements />
    <build-triggers />
    <cleanup />
  </settings>
</build-type>

