<?xml version="1.0" encoding="UTF-8"?>
<build-type xmlns:xsi="http://www.w3.org/2001/XMLSchema-instance" uuid="f5156b09-64fd-4505-8ed2-2f0f9efca399" xsi:noNamespaceSchemaLocation="http://www.jetbrains.com/teamcity/schemas/2017.2/project-config.xsd">
  <name>New</name>
  <description />
  <settings>
    <parameters />
    <build-runners>
      <runner id="RUNNER_6" name="Get and unpack" type="simpleRunner">
        <parameters>
          <param name="script.content"><![CDATA[export WSO2_reliase=$(curl -s https://github.com/wso2/kubernetes-ei/releases/latest | sed "s/tag\//\ntag\//g" | sed "s/\(^tag\/v[0-9.]*\)\(.*\)/\1/" | cut -d / -f 2 | sed '/^$/d')
export WSO2HOME=/opt/wso2/docker-ei/dockerfiles/base
mkdir -p $WSO2HOME && cd $WSO2HOME 
cd /opt/wso2/ && git clone https://github.com/wso2/docker-ei.git
cd $WSO2HOME/files && wget  https://github.com/wso2/kubernetes-ei/archive/$WSO2_reliase.zip
wget http://ftp.osuosl.org/pub/funtoo/distfiles/oracle-java/jdk-8u162-linux-x64.tar.gz
#tar -xzvf jdk-8u162-linux-x64.tar.gz
cd $WSO2HOME
cd docker-ei/dockerfiles/base
docker build -t wso2ei-base:6.1.1 .
cd wso2/docker-ei/dockerfiles/integrator
docker build -t wso2ei-integrator:6.1.1 .
docker tag wso2ei-integrator:6.1.1 10.1.158.171:5000/wso2ei-integrator:6.1.1
docker push 10.1.158.171:5000/wso2ei-integrator:6.1.1]]></param>
          <param name="teamcity.step.mode" value="default" />
          <param name="use.custom.script" value="true" />
        </parameters>
      </runner>
    </build-runners>
    <vcs-settings>
      <vcs-entry-ref root-id="Wso2_HttpsGithubComWso2kubernetesEiReleasesGit" />
    </vcs-settings>
    <requirements />
    <build-triggers />
    <cleanup />
  </settings>
</build-type>

