<?xml version="1.0" encoding="UTF-8"?>
<project xmlns:xsi="http://www.w3.org/2001/XMLSchema-instance" uuid="8cce3975-f307-4b68-8e7f-d746a7d55e13" xsi:noNamespaceSchemaLocation="http://www.jetbrains.com/teamcity/schemas/2017.2/project-config.xsd">
  <name>WS2</name>
  <description>WindowsService2</description>
  <parameters>
    <param name="dstpath" value="D:\ws2" />
  </parameters>
  <cleanup>
    <policy type="daysAndBuilds" cleanup-level="EVERYTHING">
      <parameters>
        <param name="keepBuilds.count" value="10" />
        <param name="keepDays.count" value="7" />
      </parameters>
    </policy>
    <options>
      <option name="preventDependenciesArtifactsFromCleanup" value="false" />
    </options>
  </cleanup>
</project>

