<?xml version="1.0" encoding="UTF-8"?>
<server rootURL="http://10.1.158.174:8111" uuid="0261b95d-ff04-498c-93f5-b9f124cc2127">
  <version number="829" />
  <comment-transformation>
    <transformation-pattern search="((https?://|ftp://|file://|mailto:)[\w`~@#$%^&amp;*\-=|\/{}()\[\];:&quot;'?\.]+(?&lt;=[^\.,;&quot;'`\)\]}]))" replace="&lt;a target=&quot;_blank&quot; title=&quot;Click to open this link in a new window&quot; href=&quot;$1&quot;&gt;$1&lt;/a&gt;" description="Links transformation (default)" />
    <transformation-pattern search="(&#xD;?&#xA;|&#xD;)" replace="&lt;br&gt;" description="Line feed transformation (default)" />
  </comment-transformation>
  <vcs-settings modification-check-interval="60" quiet-period="60" />
  <db-compact max-execution-time="10" enabled="true">
    <scheduler hour="2" minute="0" />
  </db-compact>
  <artifacts maxArtifactSize="314572800" artifact-paths="system/artifacts&#xA;" />
  <build-settings executionTimeout="0" />
  <connected-servers />
</server>

