<root>
  <page path="/">
    <usage userId="1" timestamp="1529593136232" />
  </page>
  <page path="/admin/admin.html">
    <usage userId="1" timestamp="1529593138918" />
  </page>
  <page path="/admin/admin.html?tab=backgroundPersist">
    <usage userId="1" timestamp="1529393185539" />
  </page>
  <page path="/admin/admin.html?tab=cache">
    <usage userId="1" timestamp="1529393186777" />
  </page>
  <page path="/admin/admin.html?tab=dataDir">
    <usage userId="1" timestamp="1529393188724" />
  </page>
  <page path="/admin/admin.html?tab=dumps">
    <usage userId="1" timestamp="1529314940731" />
  </page>
  <page path="/admin/admin.html?tab=log4j">
    <usage userId="1" timestamp="1529393184477" />
  </page>
  <page path="/admin/admin.html?tab=logs">
    <usage userId="1" timestamp="1529393181602" />
  </page>
  <page path="/admin/admin.html?tab=properties">
    <usage userId="1" timestamp="1529393183331" />
  </page>
  <page path="/admin/admin.html?tab=search">
    <usage userId="1" timestamp="1529393190779" />
  </page>
  <page path="/admin/admin.html?tab=vcsStatus">
    <usage userId="1" timestamp="1529393179830" />
  </page>
  <page path="/admin/attachBuildTypeVcsRoots.html">
    <usage userId="1" timestamp="1529591141073" />
  </page>
  <page path="/admin/createBuildType.html">
    <usage userId="1" timestamp="1529590591672" />
  </page>
  <page path="/admin/createObjectFromUrl.html">
    <usage userId="1" timestamp="1529311963586" />
  </page>
  <page path="/admin/createObjectMenu.html">
    <usage userId="1" timestamp="1529590591345" />
  </page>
  <page path="/admin/createProject.html">
    <usage userId="1" timestamp="1529590478092" />
  </page>
  <page path="/admin/createTemplate.html">
    <usage userId="1" timestamp="1528888394791" />
  </page>
  <page path="/admin/createUser.html">
    <usage userId="1" timestamp="1529073790493" />
  </page>
  <page path="/admin/discoverRunners.html">
    <usage userId="1" timestamp="1529591146101" />
  </page>
  <page path="/admin/editBuild.html">
    <usage userId="1" timestamp="1529593085303" />
  </page>
  <page path="/admin/editBuildFailureConditions.html">
    <usage userId="1" timestamp="1529591196904" />
  </page>
  <page path="/admin/editBuildFeatures.html">
    <usage userId="1" timestamp="1529591310308" />
  </page>
  <page path="/admin/editBuildParams.html">
    <usage userId="1" timestamp="1529592938732" />
  </page>
  <page path="/admin/editBuildRunners.html">
    <usage userId="1" timestamp="1529592675742" />
  </page>
  <page path="/admin/editBuildTypeVcsRoots.html">
    <usage userId="1" timestamp="1529591728690" />
  </page>
  <page path="/admin/editProject.html">
    <usage userId="1" timestamp="1529592795736" />
  </page>
  <page path="/admin/editProject.html?tab=BuildsSchedule">
    <usage userId="1" timestamp="1529592804810" />
  </page>
  <page path="/admin/editProject.html?tab=cleanup">
    <usage userId="1" timestamp="1529393570884" />
  </page>
  <page path="/admin/editProject.html?tab=clouds">
    <usage userId="1" timestamp="1529393574266" />
  </page>
  <page path="/admin/editProject.html?tab=issueTrackers">
    <usage userId="1" timestamp="1529393441439" />
  </page>
  <page path="/admin/editProject.html?tab=JetBrains.SharedResources">
    <usage userId="1" timestamp="1529393454666" />
  </page>
  <page path="/admin/editProject.html?tab=mavenSettings">
    <usage userId="1" timestamp="1529393450604" />
  </page>
  <page path="/admin/editProject.html?tab=metaRunner">
    <usage userId="1" timestamp="1529393459827" />
  </page>
  <page path="/admin/editProject.html?tab=oauthConnections">
    <usage userId="1" timestamp="1529590212856" />
  </page>
  <page path="/admin/editProject.html?tab=projectGeneralTab">
    <usage userId="1" timestamp="1529592807996" />
  </page>
  <page path="/admin/editProject.html?tab=projectParams">
    <usage userId="1" timestamp="1529592803141" />
  </page>
  <page path="/admin/editProject.html?tab=projectVcsRoots">
    <usage userId="1" timestamp="1529592799573" />
  </page>
  <page path="/admin/editProject.html?tab=reportTabs">
    <usage userId="1" timestamp="1529592801110" />
  </page>
  <page path="/admin/editProject.html?tab=versionedSettings">
    <usage userId="1" timestamp="1529393373722" />
  </page>
  <page path="/admin/editRequirements.html">
    <usage userId="1" timestamp="1529316462517" />
  </page>
  <page path="/admin/editRunType.html">
    <usage userId="1" timestamp="1529592188182" />
  </page>
  <page path="/admin/editVcsRoot.html">
    <usage userId="1" timestamp="1529590912911" />
  </page>
  <page path="/admin/healthStatusItems.html">
    <usage userId="1" timestamp="1529393084346" />
  </page>
  <page path="/admin/tools/install.html">
    <usage userId="1" timestamp="1529393243052" />
  </page>
  <page path="/admin/tools/showUsages.html">
    <usage userId="1" timestamp="1529308472972" />
  </page>
  <page path="/agentDetails.html">
    <usage userId="1" timestamp="1529316950149" />
  </page>
  <page path="/agents.html">
    <usage userId="1" timestamp="1529593090097" />
  </page>
  <page path="/agents.html?tab=registeredAgents">
    <usage userId="1" timestamp="1529315406214" />
  </page>
  <page path="/agents.html?tab=unauthorizedAgents">
    <usage userId="1" timestamp="1529315400912" />
  </page>
  <page path="/agents.html?tab=unregisteredAgents">
    <usage userId="1" timestamp="1529315407603" />
  </page>
  <page path="/artifactsLink.html">
    <usage userId="1" timestamp="1529592936157" />
  </page>
  <page path="/buildTypePopup.html">
    <usage userId="1" timestamp="1529590674610" />
  </page>
  <page path="/changes.html">
    <usage userId="1" timestamp="1529321830432" />
  </page>
  <page path="/changesLink.html">
    <usage userId="1" timestamp="1529592936194" />
  </page>
  <page path="/changesPopup.html">
    <usage userId="1" timestamp="1529393634600" />
  </page>
  <page path="/favoriteIcon.html">
    <usage userId="1" timestamp="1529592936138" />
  </page>
  <page path="/limitedPendingChangesLink.html">
    <usage userId="1" timestamp="1529593118679" />
  </page>
  <page path="/overview.html">
    <usage userId="1" timestamp="1529593111958" />
  </page>
  <page path="/parameters/editParameter.html">
    <usage userId="1" timestamp="1529390488348" />
  </page>
  <page path="/problems/exitCodeProblemAjax.html">
    <usage userId="1" timestamp="1529314135367" />
  </page>
  <page path="/profile.html">
    <usage userId="1" timestamp="1529308221762" />
  </page>
  <page path="/project.html">
    <usage userId="1" timestamp="1529410934655" />
  </page>
  <page path="/project.html?tab=investigations">
    <usage userId="1" timestamp="1529073762640" />
  </page>
  <page path="/project.html?tab=mutedProblems">
    <usage userId="1" timestamp="1529073759759" />
  </page>
  <page path="/project.html?tab=projectChangeLog">
    <usage userId="1" timestamp="1529316689887" />
  </page>
  <page path="/project.html?tab=projectOverview">
    <usage userId="1" timestamp="1529592921761" />
  </page>
  <page path="/projectPopup.html">
    <usage userId="1" timestamp="1529316686410" />
  </page>
  <page path="/queue.html">
    <usage userId="1" timestamp="1529592691969" />
  </page>
  <page path="/runCustomBuild.html">
    <usage userId="1" timestamp="1529393772424" />
  </page>
  <page path="/showJsp.html">
    <usage userId="1" timestamp="1529333695681" />
  </page>
  <page path="/tagsLink.html">
    <usage userId="1" timestamp="1529592936227" />
  </page>
  <page path="/versionedSettingsStatus.html">
    <usage userId="1" timestamp="1529393419586" />
  </page>
  <page path="/viewArtifactsPopup.html">
    <usage userId="1" timestamp="1529592888545" />
  </page>
  <page path="/viewDependentArtifactsPopup.html">
    <usage userId="1" timestamp="1529391432388" />
  </page>
  <page path="/viewLog.html">
    <usage userId="1" timestamp="1529593092641" />
  </page>
  <page path="/viewLog.html?tab=artifacts">
    <usage userId="1" timestamp="1529316501024" />
  </page>
  <page path="/viewLog.html?tab=buildChangesDiv">
    <usage userId="1" timestamp="1529593096313" />
  </page>
  <page path="/viewLog.html?tab=buildLog">
    <usage userId="1" timestamp="1529593099057" />
  </page>
  <page path="/viewLog.html?tab=buildParameters">
    <usage userId="1" timestamp="1529390833194" />
  </page>
  <page path="/viewLog.html?tab=buildResultsDiv">
    <usage userId="1" timestamp="1529592697212" />
  </page>
  <page path="/viewQueued.html">
    <usage userId="1" timestamp="1529591330995" />
  </page>
  <page path="/viewType.html">
    <usage userId="1" timestamp="1529592933903" />
  </page>
  <page path="/viewType.html?tab=buildTypeChangeLog">
    <usage userId="1" timestamp="1529072917014" />
  </page>
  <page path="/viewType.html?tab=buildTypeHistoryList">
    <usage userId="1" timestamp="1529307588390" />
  </page>
  <page path="/viewType.html?tab=buildTypeIssueLog">
    <usage userId="1" timestamp="1529072919050" />
  </page>
  <page path="/viewType.html?tab=buildTypeSettings">
    <usage userId="1" timestamp="1529390411503" />
  </page>
  <page path="/viewType.html?tab=buildTypeStatistics">
    <usage userId="1" timestamp="1529072920207" />
  </page>
  <page path="/viewType.html?tab=compatibilityList">
    <usage userId="1" timestamp="1529316291349" />
  </page>
</root>